{
	"data": [
		{
			"type": "section",
			"name": "Krenko's Way",
			"id": "000",
			"entries": [
				"\"{@creature Krenko|KKW}'s Way\" is a short adventure for a party of four to six 1st-level adventurers, who might advance to 2nd level by the adventure's conclusion. It is set in the Tenth District of Ravnica and serves as an introductory adventure to the setting. A balance of character classes is helpful, since the adventurers will face a variety of challenges. Adventurers can be affiliated with any of the guilds.",
				{
					"type": "image",
					"href": {
						"type": "internal",
						"path": "adventure/KKW/109-429.png"
					},
					"width": 1001,
					"height": 668
				},
				{
					"type": "section",
					"name": "Story Overview",
					"id": "001",
					"entries": [
						"{@creature Krenko|KKW} is the boss of a notorious goblin mob, and he has made his fortune and built his reputation by mostly staying out of the guilds' way. He has managed to cause no end of trouble for the citizens of the Tenth District, but not without attracting the attention of the guilds. A cunning opportunist, {@creature Krenko|KKW} has spent years consolidating goblin street rabble into his fiercely loyal gang. He cultivated connections among the ruthless and powerful, specializing in high-value theft and mayhem. At the apex of his influence, he got into a nasty turf war with the Shattergang Brothers, a rival goblin gang that often deals in illicit arms. Rumors swirled that {@creature Krenko|KKW} killed Dargig, the youngest of the three brothers, after a weapons drop went bad.",
						"The remaining two brothers, Rikkig and Gardagig, attempted to kill {@creature Krenko|KKW} in retaliation for the death of their kin. Before they could do the deed, {@creature Krenko|KKW} was apprehended by the Boros Legion and thrown into Sawtooth Prison\u2014near the legion's headquarters of Sunhome\u2014to spend the rest of his life behind bars. But someone as well connected as {@creature Krenko|KKW} has ways of shortening his own sentence.",
						"Inciting a riot in prison secured him a transfer to Udzec, a maximum-security facility in Precinct Two of the Tenth District, administered by the Azorius Senate. During the transfer, agents of a former associate of {@creature Krenko|KKW}'s created a distraction, and he was able to slip away to rendezvous with his gang. He now plots his next move as he reestablishes power over his criminal enterprise.",
						"{@creature Krenko|KKW}'s escape is no small matter. The Chamber of the Guildpact gets involved, alarmed at the possibility of another goblin gang war that could threaten the tenuous peace between the guilds. During the adventure, the Shattergang Brothers catch wind of {@creature Krenko|KKW}'s freedom, and are desperate to make him pay.",
						{
							"type": "inset",
							"name": "Guildless Villains",
							"id": "002",
							"entries": [
								"Not every villain in a Ravnica campaign is a member of a guild, and not every scheme originates in the guildhalls. As you build your own adventures in Ravnica, you can use the suggestions in the {@book Dungeon Master's Guide|DMG} for creating villains to craft a guildless villain, one who prefers the independence of operating outside the guild structure or even seeks to undermine that structure entirely. More often than not, though, the guilds turn out to be involved in the schemes of even minor villains."
							]
						}
					]
				},
				{
					"type": "section",
					"name": "Running the Adventure",
					"id": "003",
					"entries": [
						"This adventure requires the fifth edition D&D rulebooks ({@book Player's Handbook|PHB}, {@book Dungeon Master's Guide|DMG}, and {@book Monster Manual|MM}). You should read the entire adventure before attempting to run it. If you'd prefer to play, you shouldn't read any farther.",
						{
							"type": "insetReadaloud",
							"id": "004",
							"entries": [
								"Text that appears in a box like this is meant to be read aloud or paraphrased for the players when their characters first arrive at a location or under a specific circumstance, as described in the text."
							]
						},
						"The {@book Monster Manual|MM} contains statistics for many of the creatures found in this adventure. When a creature's name appears in {@b bold} type, that's a visual cue pointing you to the creature's stat block in the {@book Monster Manual|MM}. If the stat block appears elsewhere, the adventure's text tells you so.",
						{
							"type": "entries",
							"name": "Adventure Summary",
							"id": "005",
							"entries": [
								{
									"type": "image",
									"href": {
										"type": "internal",
										"path": "adventure/KKW/110-430.png"
									},
									"width": 1989,
									"height": 1455
								},
								"The adventure begins at Sawtooth Prison as the party is summoned by Nassius Ven, an official from the Chamber of the Guildpact. He explains that {@creature Krenko|KKW} has escaped during a prison transfer, and it's urgent that the characters locate him and bring him back to justice as soon as possible and with discretion.",
								"The characters can retrace the route of the transfer, interview the guards for more information, and use their contacts in the city to find out more about {@creature Krenko|KKW}. If they are indiscreet in their investigation, they could attract the attention of the Shattergang Brothers, a rival gang intent on murdering {@creature Krenko|KKW}. Members of that gang will trail the party throughout the city in an attempt to find the goblin mob boss's location.",
								"Eventually, the adventurers find {@creature Krenko|KKW}'s hideout: a warehouse near a canal. A final showdown with the goblin mob boss, his retinue, and possible Shattergang interlopers ensues. Then it's merely a matter of delivering {@creature Krenko|KKW} back to Nassius before more trouble breaks out."
							]
						},
						{
							"type": "entries",
							"name": "Krenko's Patron",
							"id": "006",
							"entries": [
								"{@creature Krenko|KKW} arranged a deal with a faction while in prison. During his transfer, members of that faction struck down his escort and freed him.",
								"At the beginning of the adventure, you can roll a patron from the table below, or you can choose one (preferably a guild that isn't represented by an adventurer in the party). The patron affects the story of {@creature Krenko|KKW}'s escape in a specific way (as indicated following the table) and, if you so choose, might influence future adventures.",
								{
									"type": "table",
									"caption": "Krenko's Patron",
									"colLabels": [
										"d6",
										"Guild"
									],
									"colStyles": [
										"text-center col-2",
										"col-10"
									],
									"rows": [
										[
											"1",
											"{@b Dimir}. An impenetrable fog appeared, confusing the escort and obscuring their view. {@creature Krenko|KKW} slipped his restraints and scurried off in the mist."
										],
										[
											"2",
											"{@b Golgari}. A swarm of centipedes burst out of a nearby sewer and overwhelmed the guards, knocking them {@condition unconscious} with venomous bites. When the guards were revived, {@creature Krenko|KKW} was gone."
										],
										[
											"3",
											"{@b Gruul}. A Gruul warband screamed through the streets, smashing anything that got in the way. The guards clashed with the Gruul; during the fight, one of them broke {@creature Krenko|KKW}'s bonds and the goblin fled the scene."
										],
										[
											"4",
											"{@b Izzet}. A pair of armored mages descended from the sky on hovering discs. They aimed devices attached to their arms at the guards and blasted them back with a concussive wave. While the guards were recovering, the mages magically dissolved {@creature Krenko|KKW}'s bonds and he escaped."
										],
										[
											"5",
											"{@b Rakdos}. A troupe of performers crossed paths with the guards, who became transfixed by a fiery acrobatic street display. When the performance was over, {@creature Krenko|KKW} had gone missing."
										],
										[
											"6",
											"{@b Simic}. A skyswimmer intercepted and attacked {@creature Krenko|KKW}'s escort. It unleashed a powerful discharge of lightning, which knocked out all the guards. When they woke up, {@creature Krenko|KKW} had disappeared."
										]
									]
								}
							]
						}
					]
				},
				{
					"type": "section",
					"name": "Starting the Adventure",
					"id": "007",
					"entries": [
						"Once the players are ready to begin, read or paraphrase the following introductory text:",
						{
							"type": "insetReadaloud",
							"id": "008",
							"entries": [
								"Life in the Tenth District is never dull. A hub of constant activity, it always offers a new opportunity, a new challenge, a new intrigue. It is a place where a promising adventurer like you can find your path to glory, riches, or power through your allegiance to your guild. But first you'll need a job that will help you prove your worth.",
								"Today is your lucky day. This afternoon, you received a brief note from one of your contacts: \"I heard today from someone who is looking for help finding something. Seems serious. Might be a good opportunity for you. Meet outside Sawtooth Prison at dusk.\"",
								"At the appointed time, you find yourself gathered with other like-minded individuals outside the front door to the functional and unremarkable Sawtooth Prison."
							]
						},
						"Have the players introduce their characters to each other, if they aren't acquainted already. This might also be a time for the characters to identify or discover personal connections that might link them, such as common acquaintances or contacts, a shared background, or living in the same neighborhood. Once the characters have had a chance to get to know one another, read:",
						{
							"type": "insetReadaloud",
							"id": "009",
							"entries": [
								"Light rain begins to patter on the cobblestones as the sun sets behind the spires and towers of the city. You see a male vedalken in well-tailored clothes approach your group from around the side of the prison. His deep blue face bears a gentle but concerned expression. He raises his hand to hail you and speaks in a low tone as his eyes take in your group and the nearby environs. \"Are you here to help us find something?\""
							]
						},
						"This is Nassius Ven, a vedalken {@creature noble} and a proctor from the office of the Guildpact. While the Azorius and Boros help maintain the law and keep the peace, the office of the Guildpact tries to help quell disputes between the guilds while the Living Guildpact is away. Nassius is here to hire the characters to track down {@creature Krenko|KKW} because he suspects the involvement of one or more guilds in the goblin boss's escape but doesn't know who is involved.",
						{
							"type": "entries",
							"name": "Roleplaying Nassius Ven",
							"id": "00a",
							"entries": [
								{
									"type": "image",
									"href": {
										"type": "internal",
										"path": "adventure/KKW/111-431.png"
									},
									"width": 1000,
									"height": 888
								},
								"After receiving affirmative answers from the party, Nassius hands the characters a dossier from Sawtooth Prison with an image of a smug, tough-looking male goblin on it. Nassius offers up the following information, which can be conveyed through conversation with him:",
								{
									"type": "list",
									"items": [
										"\"We have need of your particular skills to assist in the retrieval of a convict who got loose just before sunrise this morning. He escaped during his transfer to Udzec, a maximum-security prison where he would have spent the rest of his days.\"",
										"\"His name is {@creature Krenko|KKW}. He's the boss of a large gang of goblins that operates around Foundry Street. He was apprehended to answer for a long list of crimes, including murder. He allegedly incited a riot that led to the deaths of a guard and two inmates at this prison a week ago. The warden decided enough was enough and put through his transfer.\"",
										"\"{@creature Krenko|KKW} has made a lot of enemies, but the Shattergang Brothers are his biggest threat. They're a rival goblin gang specializing in illicit weapons, and they want {@creature Krenko|KKW} dead in reprisal for the murder of one of their lieutenants. The dead lieutenant also happens to be the youngest of the three siblings that run the gang. They'll tear apart the neighborhood to find him once they know he has escaped.\"",
										"\"Normally, we'd let the Azorius deal with this situation, but we suspect that {@creature Krenko|KKW} might have had help from one of the other guilds when he escaped. We are enlisting others to investigate that connection, as it could point to a bigger problem.\"",
										"\"We need you to track down {@creature Krenko|KKW} and bring him back alive. Then we can interrogate him and keep him off the streets for good.\"",
										"\"I am prepared to give you ten zinos right now to cover any expenses you might incur during your investigation. Upon delivery of the criminal, you'll receive one hundred zinos and my gratitude, which I will convey to your guild leaders. Under no circumstances should you attempt to question {@creature Krenko|KKW} yourselves.\""
									]
								},
								"If he is asked, Nassius provides the guards' account of the circumstances of his escape (see \"{@creature Krenko|KKW}'s Patron\"). The guards have already been thoroughly questioned, and {@creature Krenko|KKW}'s trail has gone cold. Nassius is eager to get the characters started as soon as possible to prevent the Shattergang Brothers from learning of {@creature Krenko|KKW}'s escape.",
								"Nassius asks the party to bring {@creature Krenko|KKW} to an old Selesnya granary that was damaged in a Gruul raid at the edge of the district. There, he'll take {@creature Krenko|KKW} into custody.",
								"Nassius is evasive about any questions regarding why {@creature Krenko|KKW} shouldn't be interrogated or why the characters should bring him to the granary. His eyes dart back and forth when confronted with these sorts of questions. A character who succeeds on a DC 15 Wisdom ({@skill Insight}) check knows that Nassius isn't being completely forthright. Even if pressed, Nassius doesn't offer up any other information beyond the mission objectives."
							]
						}
					]
				},
				{
					"type": "section",
					"name": "The Search for Krenko",
					"id": "00b",
					"entries": [
						"Once Nassius has departed, the characters can get to work. They can conduct their investigation however they choose, but time is of the essence since eventually word on the street gets back to the Shattergang Brothers and they start another turf war to flush {@creature Krenko|KKW} out.",
						{
							"type": "entries",
							"name": "Timeline of Events",
							"id": "00c",
							"entries": [
								"Here's a timeline of what has happened since {@creature Krenko|KKW} escaped and what happens in the future, absent interference. As soon as the adventurers get involved, events might change drastically, but the following timeline can still help you determine how the various NPCs involved in the story will react to the player characters' actions.",
								{
									"type": "inset",
									"id": "00d",
									"entries": [
										{
											"type": "list",
											"style": "list-hang-notitle",
											"items": [
												"{@b Early Morning, Day 1}: {@creature Krenko|KKW} escapes.",
												"{@b Late Morning, Day 1}: {@creature Krenko|KKW} meets with his gang and prepares a disguise for himself.",
												"{@b Noon, Day 1}: {@creature Krenko|KKW} and his gang secure an abandoned warehouse as a temporary hideout for the mob boss.",
												"{@b Sunset, Day 1}: The adventurers receive the mission.",
												"{@b Late Evening, Day 1}: {@creature Krenko|KKW} places a weapons order with Falish, a human arms dealer.",
												"{@b Noon, Day 2}: Additional enforcers from {@creature Krenko|KKW}'s gang arrive at {@creature Krenko|KKW}'s hideout.",
												"{@b Sunset, Day 2}: The Shattergang Brothers hear about {@creature Krenko|KKW}'s escape and mobilize to find him. Falish leaves a cache of weapons at a drop point on Foundry Street, and a goblin carries the weapons back to {@creature Krenko|KKW}'s hideout.",
												"{@b Late Evening, Day 2}: Explosions rock Foundry Street as the Shattergang Brothers start violently coercing citizens who are known to have dealings with {@creature Krenko|KKW}. The Lyev Column (Azorius law enforcement) is dispatched to Foundry Street to investigate the disturbance.",
												"{@b Predawn, Day 3}: The Shattergang Brothers find out {@creature Krenko|KKW}'s location, and a great explosion goes off there, leveling the building and killing many goblins ({@creature Krenko|KKW} survives).",
												"{@b Noon, Day 3}: The Foundry Street vicinity is subject to terrible goblin gang violence. The Boros Legion is called in to pacify the area."
											]
										}
									]
								}
							]
						},
						{
							"type": "entries",
							"name": "The Dossier",
							"id": "00e",
							"entries": [
								"The adventurers can find the following information in the Sawtooth Prison dossier:",
								{
									"type": "list",
									"items": [
										"{@creature Krenko|KKW} has been a goblin mob boss for several years. His turf was around Foundry Street. He has been a person of interest in numerous crimes befitting a mobster but managed to evade the law\u2014until recently.",
										"{@creature Krenko|KKW} was brought into custody by Gideon Jura, a freelancer working with the Boros Legion at the time. {@creature Krenko|KKW} was found guilty of murdering Dargig, one of the Shattergang Brothers, and of assault with a deadly weapon against Gideon Jura.",
										"The weapon on his person at the time of arrest was a magic shiv (a prison knife). Reportedly, it could punch through force barriers. It isn't known how {@creature Krenko|KKW} obtained the weapon.",
										"{@creature Krenko|KKW}'s notable associates include the mysterious Mr. Taz (no other information provided) and a renegade Izzet weapons inventor named Falish (female human, seen around Tin Street). Both are also persons of interest to the Azorius."
									]
								}
							]
						},
						{
							"type": "entries",
							"name": "Hitting the Streets",
							"id": "00f",
							"entries": [
								"The characters can take several approaches to investigating {@creature Krenko|KKW}'s whereabouts: meeting with contacts, sussing out rumors, or visiting important locations.",
								{
									"type": "entries",
									"name": "Meet with Contacts",
									"id": "010",
									"entries": [
										"If a character has an appropriate contact to press for information, they can reach out to that contact for assistance. It takes 1 hour to arrange a meeting with the contact and {@dice 1d6} hours for the contact to find one previously unknown piece of information, unless that contact would have the information on hand."
									]
								},
								{
									"type": "entries",
									"name": "Gather Rumors",
									"id": "011",
									"entries": [
										"Characters can go to public gathering places to attempt to obtain information. After {@dice 1d6} hours, a character sifting through rumors makes a DC 15 Charisma ({@skill Persuasion}) check. On a success, they find out one previously unknown piece of information from among those given below:",
										{
											"type": "list",
											"items": [
												"{@creature Krenko|KKW}'s absence has hurt his gang's reputation. Other gangs have been encroaching on his territory, and it's only a matter of time before there's another power struggle played out in the streets.",
												"Tin Street is a bustling center of trade and the territory of the Shattergang Brothers. They have become emboldened since {@creature Krenko|KKW} was put away and are readying for war to take out his gang once and for all.",
												"Foundry Street is where you'll find manufacturing facilities for the Tenth District, and it's {@creature Krenko|KKW}'s gang's turf. His enforcers are still squabbling over who should lead. For now, they all have an uneasy truce with each other.",
												"Some goblins were pulling up a sewer grate at a very early hour west of the plaza. They didn't look like maintenance workers and threatened anyone that came too close. The approximate location of this incident is obtained."
											]
										},
										"Three locations important to the adventure are mentioned in the information above: the sewers, Foundry Street, and Tin Street. Each site is described in detail below. The travel time (on foot) between any two of these locations is 30 minutes to 1 hour."
									]
								}
							]
						},
						{
							"type": "entries",
							"name": "The Sewers at Plaza West",
							"id": "012",
							"entries": [
								"Characters heading west of the plaza on a tip they received earlier might look for a sewer grate that is out of place. It takes 1 hour and a successful DC 10 Wisdom ({@skill Perception}) check to find a grate with scrapes from a crowbar on it. Alternatively, the characters can interview residents in the area, in which case it takes half an hour and a successful DC 10 Charisma ({@skill Persuasion}) check to find the location of the grate.",
								"The grate can be pulled up with a successful DC 15 Strength check. Once the grate is opened, read:",
								{
									"type": "insetReadaloud",
									"id": "013",
									"entries": [
										"A circular maintenance shaft plunges down into the darkness. An iron ladder is bolted to one side of the shaft. The pungent smell of the sewers wafts up to your nose. A faint light is visible at the bottom, illuminating refuse-filled water."
									]
								},
								"There is no light source in the shaft, which continues down 50 feet until it ends in a folding ladder with a dangling cord. When unfolded, the ladder reaches another 20 feet to the sewer tunnel floor. When the characters descend to the floor, read:",
								{
									"type": "insetReadaloud",
									"id": "014",
									"entries": [
										"You stand shin-deep in sewer water, in a dimly lit tunnel. There's a raised walkway on either side that gets you out of the smelly, muck-filled water. Small lamps housing magical flames shed dim light. The walls are covered in moss and lichen."
									]
								},
								"The tunnel is dimly lit by small {@spell continual flame} beacons positioned every 30 feet or so on alternating sides of the 20-foot-high tunnel. The sewer tunnel is 30 feet wide and continues in both directions. The tunnel has a raised walkway 5 feet wide and 5 feet tall along both sides. The main passage is flowing with 1-foot-deep water and smelly refuse.",
								"{@creature Krenko|KKW} and three other goblins came this way, heading to his new hideout. The characters can spot signs of grimy boot prints made by Small creatures on one of the walkways by succeeding on a DC 10 Wisdom ({@skill Perception}) check. After finding the prints, they can continue to track them through the sewer tunnels by succeeding on a DC 15 Wisdom ({@skill Survival}) check. For every day since the goblins came through here, add 5 to the DC of the check. It takes 2 hours to navigate the twisting tunnels at normal walking speed. The tunnels are near Golgari territory, but above the undercity.",
								"For each hour the party spends in the sewers, roll a {@dice d20}. On a 15 or higher, the party has an encounter determined by rolling on the Sewer Encounters table.",
								{
									"type": "table",
									"caption": "Sewer Encounters",
									"colLabels": [
										"d20",
										"Encounter"
									],
									"colStyles": [
										"text-center col-2",
										"col-10"
									],
									"rows": [
										[
											"1\u20134",
											"{@dice 1d4} {@creature cultist||cultists} of Rakdos"
										],
										[
											"5\u20139",
											"{@dice 2d4} {@creature Giant Rat||giant rats}"
										],
										[
											"10\u201311",
											"1 {@creature gray ooze}"
										],
										[
											"12\u201314",
											"1 {@creature kraul warrior|GGR}"
										],
										[
											"15\u201318",
											"1 {@creature swarm of centipedes||swarm of insects (centipedes)}"
										],
										[
											"19\u201320",
											"{@dice 1d4} {@creature zombie||zombies} covered in fungus"
										]
									]
								},
								"The tracks end at another maintenance shaft in the ceiling of the tunnel. A cord dangles down from the shaft; pulling on it releases a folding ladder that can easily be climbed. The shaft terminates in a grate, which can be pushed aside with a successful DC 15 Strength check.",
								"The characters emerge in an alley beside an old warehouse on a canal dock near Foundry Street, in Precinct Six of the Tenth District. The tracks continue up to the warehouse."
							]
						},
						{
							"type": "entries",
							"name": "Tin Street",
							"id": "015",
							"entries": [
								{
									"type": "insetReadaloud",
									"id": "016",
									"entries": [
										"This bustling market area is busy with the flow of merchants, entertainers, shoppers, and revelers. During daytime hours, Tin Street is a prime destination for shopping and dining. At night, theaters and taverns come alive."
									]
								},
								"Tin Street is one of the two avenues that traverse the entire Tenth District (see {@book chapter 3|GGR|3|Major Trade Ways}). Where it passes through Precinct Six, the Shattergang Brothers have claimed much of it as their turf. They keep a keen eye out for Azorius arresters, rival gang members, and anyone who asks too many questions.",
								"Tin Street is also the home of Falish, a renegade Izzet arms dealer who, for the right price, supplies criminals with weapons and explosives.",
								{
									"type": "entries",
									"name": "Shattergang Eavesdropping",
									"id": "017",
									"entries": [
										"If a check to gather rumors fails by 5 or more, or the characters are otherwise indiscreet while investigating around Tin Street, word gets to the Shattergang Brothers that someone has been asking about {@creature Krenko|KKW}. They send an unremarkably dressed, beady-eyed {@creature goblin} named Erko to tail the characters (about 60 feet) and sneak up to eavesdrop on conversations. If a character's passive Wisdom ({@skill Perception}) score equals or exceeds the goblin's Dexterity ({@skill Stealth}) check, that character notices that they're being followed or observed.",
										"If Erko notices the party has seen him, he tries to run away, back to one of his gang's hideouts. As he makes his way down the busy market of Tin Street, you can conduct this scene as a chase, using the chase rules and the Urban Chase Complications table in {@book chapter 8|DMG|8|Chase Complications} of the {@book Dungeon Master's Guide|DMG}.",
										"In addition to his weapons, Erko carries a flask of alchemist's fire, which he hurls at the first creature that threatens him. See {@book chapter 5|PHB|5|Adventuring Gear} of the {@book Player's Handbook|PHB} for rules on using alchemist's fire.",
										"If a character interrogates Erko and succeeds on a DC 10 Charisma ({@skill Intimidation}) check, the goblin reveals that he works for the Shattergang Brothers, and they have an interest in knowing what goes on in their turf. He doesn't reveal their hideout under any circumstances.",
										"If Erko tails the adventurers long enough to discover {@creature Krenko|KKW}'s location, the Shattergang Brothers arrive at {@creature Krenko|KKW}'s hideout in force 2 hours later."
									]
								},
								{
									"type": "entries",
									"name": "Finding Falish",
									"id": "018",
									"entries": [
										{
											"type": "image",
											"href": {
												"type": "internal",
												"path": "adventure/KKW/112-432.png"
											},
											"width": 1000,
											"height": 1024
										},
										"The renegade Izzet arms dealer Falish lives and works on Tin Street. Characters can ask around the neighborhood to discover the location of her secret shop, but the information doesn't come easy.",
										{
											"type": "entries",
											"name": "Taverns",
											"id": "019",
											"entries": [
												"Falish is a regular at the Millstone, a seedy tavern that caters to the rough and rowdy. The tavern's owner and barkeep is Wyroon, a male minotaur with a cracked horn and a surly disposition. He was drummed out of the Boros Legion for insubordination a few years ago. His starting attitude is indifferent, but if a character succeeds on a DC 10 Charisma ({@skill Persuasion}) check, he'll tell the characters that Falish comes down some nights for a drink or two. Falish stops by early in the evening of Day 2, without her flamethrower."
											]
										},
										{
											"type": "entries",
											"name": "Merchants",
											"id": "01a",
											"entries": [
												"Very few merchants on Tin Street know Falish, except for a female goblin alchemist named Noggra, who runs an apothecary shop called Noggra's Remedies. Noggra often patches up injured gang members after their scuffles, and occasionally hides them from the law. She sometimes sells Falish alchemical substances to enhance her weapons. Her starting attitude toward the party is indifferent. If a character asks her about Falish and succeeds on a DC 20 Charisma ({@skill Intimidation} or {@skill Persuasion}) check, she gives up Falish's location. A character who offers Noggra 10 gp or more makes this check with advantage."
											]
										},
										{
											"type": "entries",
											"name": "Street Talk",
											"id": "01b",
											"entries": [
												"Characters can simply ask around the neighborhood to try to find Falish. If so, use the rules for gathering rumors under \"Hitting the Streets.\""
											]
										}
									]
								},
								{
									"type": "entries",
									"name": "Falish's Workshop",
									"id": "01c",
									"entries": [
										"Once the characters determine Falish's location and travel there, read:",
										{
											"type": "insetReadaloud",
											"id": "01d",
											"entries": [
												"Following the directions to Falish's shop, you find yourself in an alley behind a restaurant. Near the back door to the establishment is a smaller, padlocked iron door that looks as if it came from a vault."
											]
										},
										"The door has a padlock that requires a successful DC 15 Dexterity check to pick with thieves' tools, or a successful DC 20 Strength check to force open. Once it is open, read:",
										{
											"type": "insetReadaloud",
											"id": "01e",
											"entries": [
												"Beyond the door, you see a narrow staircase that leads twenty feet down to a green-tinged copper door, with a closed sliding peephole in its center."
											]
										},
										"This copper door is locked and requires a successful DC 15 Dexterity check with thieves' tools to open. It can also be forced open with a successful DC 20 Strength check. The door is trapped with a {@spell glyph of warding} spell that triggers when a character attempts to pick the lock or force open the door. The triggered glyph casts {@spell sleep} at 3rd level, affecting {@dice 9d8} hit points of creatures. A character who searches the door for traps can detect the glyph with a successful DC 15 Intelligence ({@skill Investigation}) check.",
										"When the characters enter the room, read:",
										{
											"type": "insetReadaloud",
											"id": "01f",
											"entries": [
												"The flickering glow of lanterns reveals a haphazard room that is thirty feet long and twenty feet wide, packed with equipment, tools, and materials. Hanging from the wall are all manner of weapons. Boxes and small crates are stuffed under tables that overflow with flasks. A workbench is piled high with tools. There's a small living area with a bed and a large iron stove in the back of the room."
											]
										},
										"This room serves as a laboratory, showroom, and living quarters for Falish, a human {@creature scorchbringer guard|GGR}. She deals in alchemically treated weapons and explosives. A renegade who was expelled from the Izzet League, Falish maintains contacts within the guild, who provide her with the materials she uses to upgrade weapons. She sells her wares to many of the gangs in the Tenth District.",
										"If characters trigger the glyph trap on the door, Falish grabs her gear and heads out through a secret door in the back of her living quarters as quickly as possible, closing the door behind her. The secret door opens into a tunnel that leads down into the sewers. When closed, the secret door can be found with a successful DC 15 Wisdom ({@skill Perception}) check.",
										"If the characters surprise Falish or manage to sneak in, she realizes she has no quick escape and is willing to cooperate to a certain extent to get the characters out of her home. In exchange for freedom, she reveals the following information:",
										{
											"type": "list",
											"items": [
												"{@creature Krenko|KKW} contacted her to deliver some weapons, explosives, and any magic items she had to a drop point on Foundry Street, outside the Smokehouse Inn. She's supposed to make the drop at sunset on the day after {@creature Krenko|KKW}'s escape.",
												"{@creature Krenko|KKW} is planning on using the weapons to launch a preemptive attack on the Shattergang Brothers to reassert that he's back in power.",
												"{@creature Krenko|KKW} is probably hiding somewhere near the drop point. Falish knows that {@creature Krenko|KKW} and his rescuers were spotted entering a sewer grate west of the plaza."
											]
										},
										{
											"type": "entries",
											"name": "Treasure",
											"id": "020",
											"entries": [
												"Falish has one of each weapon in the {@book Player's Handbook|PHB} with a price of no more than 25 gp hanging from the walls of her quarters. On her work tables are three flasks of alchemist's fire, one vial of acid, alchemist's supplies, tinker's tools, a set of thieves' tools, and most of the components needed to assemble two bombs. Under one of the tables is a small, locked strongbox requiring thieves' tools and a successful DC 15 Dexterity check to open. Inside the strongbox are 200 zinos (gp), 3 strips of mizzium (a durable magical metal), and an {@item eversmoking bottle}."
											]
										}
									]
								}
							]
						},
						{
							"type": "entries",
							"name": "Foundry Street",
							"id": "021",
							"entries": [
								"Foundry Street is where a lot of the manufacturing happens in the Tenth District. Workers toil day and night to make goods that Ravnicans buy in the market, and to supply the Boros Legion with armor and weapons.",
								{
									"type": "image",
									"href": {
										"type": "internal",
										"path": "adventure/KKW/113-433.png"
									},
									"width": 1000,
									"height": 735
								},
								"Goblins are common in this part of the city, and it is {@creature Krenko|KKW}'s gang's turf. Most of the gang members now know that {@creature Krenko|KKW} has escaped, and the bickering between his enforcers has subsided with {@creature Krenko|KKW} back on the streets.",
								"Most of the folk who live around Foundry Street know to report any Azorius presence or nosy outsiders to a goblin gang member that serves as the block captain. If the characters conduct their investigation here, {@creature Krenko|KKW}'s gang learns about it within half an hour and sends out a crew to deal with the situation.",
								{
									"type": "entries",
									"name": "Welcoming Party",
									"id": "022",
									"entries": [
										"{@creature Krenko|KKW}'s goblin gang approaches the characters. Their starting attitude is hostile, and they hurl insults and try to get the characters to leave their turf. If the adventurers don't comply, the goblins fight them. If more than half the goblins are defeated, the remaining gang members try to escape.",
										"The gang that approaches the groups consists of six {@creature Goblin gang member|kkw|goblin gang members}. A character who interrogates a captured goblin and succeeds on a DC 20 Charisma ({@skill Intimidation}) check learns {@creature Krenko|KKW}'s location. Alternatively, a character who offers the goblins a bribe of 10 gp or more and succeeds on a DC 20 Charisma ({@skill Persuasion}) check can get the same information."
									]
								},
								{
									"type": "entries",
									"name": "Shattergang's Response",
									"id": "023",
									"entries": [
										"Late in the evening on Day 2, the Shattergang Brothers blow up three of {@creature Krenko|KKW}'s safe houses along Foundry Street. The explosions attract the Azorius Senate, which sends twenty {@creature soldier|GGR|soldiers} to secure the area and question bystanders.",
										"Characters who are causing trouble with the locals around Foundry Street during this time might be detained at the Foundry Street arrester station for questioning. Characters are detained for {@dice 1d4} hours unless one of them succeeds on a DC 20 Charisma ({@skill Persuasion}) check, which shortens the time to 10 minutes."
									]
								}
							]
						}
					]
				},
				{
					"type": "section",
					"name": "Krenko's Hideout",
					"id": "024",
					"entries": [
						"The characters can locate {@creature Krenko|KKW}'s hideout either by interrogating members of his gang, following the tracks from the sewer, or following a goblin back from the drop point where Falish leaves {@creature Krenko|KKW}'s weapons. Once they have found the warehouse, read:",
						{
							"type": "insetReadaloud",
							"id": "025",
							"entries": [
								"A large, soot-stained wooden building with a faded symbol of the Boros Legion sits at the edge of a canal, its timbers cracked and singed. A closed bay door faces north toward the water, and a wooden track runs from the building all the way to the edge of a pier. A similar bay door faces south toward the main street. On the alley sides of the building are two doors\u2014a double door on the west side, and a single door on the east side."
							]
						},
						"This old warehouse used to store equipment finished from the nearby foundries for the Boros Legion's use. It was badly burned in a gang war a few years ago and has since been abandoned by the Boros. {@creature Krenko|KKW}'s gang has used it occasionally as a secret meeting spot, and now {@creature Krenko|KKW} is using it as his hideout.",
						"The warehouse is 40 feet tall, 60 feet wide, and 120 feet long. It has no windows, but the outer walls are brittle and fire-damaged; a number of small holes, 1 or 2 feet in diameter, have opened up in various places. Dealing 5 damage to a section of the wall creates an opening that a Medium or smaller creature can walk through.",
						{
							"type": "entries",
							"name": "Krenko's Gang",
							"id": "026",
							"entries": [
								"All members of {@creature Krenko|KKW}'s gang are {@creature Goblin gang member|kkw|goblin gang members}. Each goblin carries a whistle (worn on a rope around its neck), which it can blow as an action to sound the alarm. A goblin might carry another item it obtained elsewhere, employing it in combat if an opportunity presents itself. You can roll or choose from the items on the Goblin Gang Possessions table. More information on these items can be found in {@book chapter 5|PHB|5|Adventuring Gear} of the {@book Player's Handbook|PHB}.",
								{
									"type": "table",
									"caption": "Goblin Gang Possessions",
									"colLabels": [
										"d20",
										"Item"
									],
									"colStyles": [
										"text-center col-2",
										"col-10"
									],
									"rows": [
										[
											"1\u201310",
											"No additional item"
										],
										[
											"11\u201312",
											"Vial of acid"
										],
										[
											"13\u201314",
											"Flask of alchemist's fire"
										],
										[
											"15\u201316",
											"Ball bearings"
										],
										[
											"17\u201318",
											"Caltrops"
										],
										[
											"19\u201320",
											"Vial of basic poison"
										]
									]
								}
							]
						},
						{
							"type": "entries",
							"name": "Lookouts",
							"id": "027",
							"entries": [
								"A {@creature goblin gang member|kkw} is posted outside each door. If a guard sees one or more characters approaching the warehouse, it signals the other guards by blowing a whistle around its neck. It remains vigilant but doesn't signal the others if the characters are visible on the street but don't make their way to the warehouse. The goblins don't use a light source at night, relying on their {@sense darkvision}.",
								"Characters might take the time to observe the lookouts from afar. The rooftops of nearby buildings make excellent vantage points. The buildings across the main street are 50 feet away; those in the alleys are 20 feet away.",
								{
									"type": "entries",
									"name": "Changing of the Guard",
									"id": "028",
									"entries": [
										"Every 4 hours, new goblins from {@creature Krenko|KKW}'s gang arrive to relieve the lookouts. During this time, they're usually distracted as they chat among themselves for {@dice 1d10} minutes. While they're distracted, characters have advantage on any Dexterity ({@skill Stealth}) checks to hide or move quietly in the area."
									]
								}
							]
						},
						{
							"type": "entries",
							"name": "Day 2 Arrivals",
							"id": "029",
							"entries": [
								"At noon on the second day, four more goblins arrive. Two position themselves inside on the catwalk, and two walk the warehouse floor."
							]
						},
						{
							"type": "entries",
							"name": "Day 3 Chaos",
							"id": "02a",
							"entries": [
								"In the small hours of the third day, the Shattergang Brothers finally manage to discover {@creature Krenko|KKW}'s whereabouts and send a team of ten {@creature goblin||goblins} to toss bombs at the warehouse and its occupants.",
								"In addition to their normal gear, these goblins each carry one bomb. As an action, a goblin can light a bomb and throw it at a point up to 60 feet away. Each creature within 5 feet of that point must succeed on a DC 12 Dexterity saving throw or take 10 ({@dice 3d6}) fire damage.",
								"Any survivors of {@creature Krenko|KKW}'s gang flee the warehouse and scatter into the city after this assault."
							]
						}
					]
				},
				{
					"type": "section",
					"name": "Warehouse Locations",
					"id": "02b",
					"entries": [
						"The following locations are keyed to map 4.11, which shows the interior of the warehouse.",
						{
							"type": "image",
							"href": {
								"type": "internal",
								"path": "adventure/KKW/114-434.png"
							},
							"width": 2513,
							"height": 3338
						},
						{
							"type": "entries",
							"name": "Office",
							"id": "02c",
							"entries": [
								"This room is unlit. If the characters have {@sense darkvision} or a light source, describe the room as follows:",
								{
									"type": "insetReadaloud",
									"id": "02d",
									"entries": [
										"This room is twenty feet square and has a ten-foot-high ceiling. It appears to be an office and makeshift living quarters. A heavy wooden table stands in the center of the room, ringed by six chairs. Under it is an iron box. To the south is a cot covered in blankets. Beside it is a sack full of clothes and the remains of several meals served on fine dinnerware. A door sits in the middle of the wall to the east, with a large window beside it offering a view of the warehouse beyond."
									]
								},
								"{@b Krenko} (see below) is holed up here\u2014with two {@creature Goblin Boss||goblin bosses} that serve as his enforcers\u2014planning a preemptive strike on the Shattergang Brothers. In addition to his weapons, {@creature Krenko|KKW} carries a vial of acid, a flask of alchemist's fire, a bag of caltrops, a vial of basic poison, and the key to the iron strongbox (see \"Treasure\" below).",
								{
									"type": "entries",
									"name": "Treasure",
									"id": "02e",
									"entries": [
										"The iron strongbox under a desk contains funds {@creature Krenko|KKW} was gathering to pay off Falish. It is locked and can be opened with the key in {@creature Krenko|KKW}'s possession, or with thieves' tools and a successful DC 15 Dexterity check. Inside the box are 350 zinos (gp), two gold rings inset with small rubies (worth 50 gp each), and a {@i potion of giant strength} (hill)."
									]
								}
							]
						},
						{
							"type": "entries",
							"name": "Catwalk",
							"id": "02f",
							"entries": [
								"A 3-foot-wide wooden catwalk is attached to the inside walls of the warehouse 20 feet above the floor. A creaky, charred, narrow, wrap-around wooden staircase near the center of the east wall leads up to it.",
								"Two {@creature Goblin gang member|kkw|goblin gang members} patrol the catwalk at all times, rotating in a similar way to the lookouts outside.",
								{
									"type": "entries",
									"name": "Weakened Staircase",
									"id": "030",
									"entries": [
										"One of the steps of the catwalk staircase is ready to collapse. This fragile board is located 10 feet off the ground and can be spotted by anyone on the stairs who has a passive Wisdom ({@skill Perception}) score of 13 or higher. A creature that weighs more than 100 pounds that steps on the board must succeed on a DC 10 Dexterity saving throw or fall 10 feet to the ground below. The gap that the collapsing board creates can be easily avoided by other creatures walking up the stairs.",
										"If one side of the catwalk takes 10 or more damage, that side collapses. Creatures on the walkway when this happens fall 20 feet to the warehouse floor below."
									]
								}
							]
						},
						{
							"type": "entries",
							"name": "Main Floor",
							"id": "031",
							"entries": [
								"The warehouse is lit inside by lanterns placed on hooks located 5 feet up on the wall every 30 feet or so, below the catwalk. The goblins keep this area brightly lit, since their {@sense darkvision} only extends for 60 feet. When the characters enter, read:",
								{
									"type": "insetReadaloud",
									"id": "032",
									"entries": [
										"The glowing lantern light reveals a warehouse charred by a fire. To the north and south are large, iron-reinforced bay doors, operated from the ground by chains and pulleys. The western wall has a square room in the center that fills a twenty-foot-by-twenty-foot section of the warehouse floor. The room has a door and window on the side facing the center of the warehouse floor.",
										"A catwalk encircles the interior twenty feet above the floor. Stairs lead up to it near the center of the eastern wall. Dozens of large boxes and crates are scattered around the warehouse, their integrity in question due to fire damage. A pair of wooden rails runs through the center of the room. On the rails sits a giant wooden wheeled cart. Towering over the cart is a ten-foot-high, soot-stained iron statue. It looks vaguely humanoid, with claw-like appendages at the ends of its arms. In place of its head is a cavity containing a seat with a series of levers all around it."
									]
								},
								"Dealing 20 damage or more to a bay door creates a hole that a Medium or smaller creature can walk through. A character can use an action to open a bay door using its pulley system.",
								"Charred and cracked wooden containers are scattered around the room. Nothing of value remains in any of them.",
								"Resting on the rails that run through the center of the room is a Large cart. The north and south walls of the cart can be lowered to create ramps leading up to the cart's bed.",
								"Near the cart is a {@creature loading rig|kkw} covered in soot and currently inactive. A seat cavity built into the top the rig contains a series of small plates and levers. A creature in the seat can attempt a DC 10 Intelligence ({@skill Arcana}) check to figure out how to press the plates in the correct sequence to activate or deactivate the rig. Pressing the plates requires an action. Once the rig is activated, a creature in the seat can pilot it using the levers. The rig moves as its controller directs it, and the controller can use an action to direct the rig to take the Dash, Disengage, or {@action Dodge} action, or the Multiattack or Slam actions as given in its stat block.",
								"A creature with tinker's tools can try to repair damage to the rig. After spending 1 hour making repairs, the creature makes a DC 15 Intelligence ({@skill Arcana}) check. If the check succeeds, the rig regains {@dice 1d6} hit points.",
								{
									"type": "image",
									"href": {
										"type": "internal",
										"path": "adventure/KKW/115-435.png"
									},
									"width": 1000,
									"height": 668
								}
							]
						}
					]
				},
				{
					"type": "section",
					"name": "Confronting Krenko",
					"id": "033",
					"entries": [
						"{@creature Krenko|KKW} tries to escape if he is reduced to half his hit points or fewer, ordering his goblin enforcers cover him as he makes his getaway. He runs to the {@creature loading rig|KKW} on the warehouse floor and activates it in an effort to fight his way out and flee. If he can get outside, he makes his way to the dock and jumps into the canal to swim away.",
						"If {@creature Krenko|KKW} is captured, he tries to convince the adventurers that bringing him to justice isn't in the best interest of the city. He might make any or all of the following arguments in his defense:",
						{
							"type": "list",
							"items": [
								"Without his leadership, the goblin gangs have been thrown into chaos, and the only thing keeping the Shattergang Brothers from blowing things up is his gang\u2014with him leading it.",
								"He is emphatic that his killing of Dargig was an act of self-defense and that he was framed by the Boros Legion, which he suspects is in league with the Shattergang Brothers. Characters who succeed on a DC 16 Wisdom ({@skill Insight}) check sense he's lying, as he subtly looks past them while making his plea.",
								"{@creature Krenko|KKW} is willing to offer the party a deal. He'll give them everything in his office strongbox if they tell Nassius they didn't find him.",
								"{@creature Krenko|KKW} warns the party that Nassius isn't all he appears to be. {@creature Krenko|KKW} suspects that Nassius is in someone's pocket but doesn't know who that someone is."
							]
						},
						"{@creature Krenko|KKW} doesn't offer up any information on the allies that aided him in his escape, but he identifies them if pressed. He also remains tight-lipped on the subject of Mr. Taz, offering only the following if a character makes a successful DC 20 Charisma ({@skill Persuasion}) check: \"Mr. Taz gave me a nice shiv as a present for a job once, and I'd love to get my mitts on another one someday."
					]
				},
				{
					"type": "section",
					"name": "The Handoff",
					"id": "034",
					"entries": [
						"When the characters reach the meeting point that Nassius specified, read the following:",
						{
							"type": "insetReadaloud",
							"id": "035",
							"entries": [
								"As the rain intensifies into a downpour, you head to the outskirts of the Tenth District. You're directed to the old granary that Nassius picked as the rendezvous point. The wet, crumbling clay building sits out in an untended field and is overgrown with all manner of vegetation, almost completely reclaimed by the wild. Nassius steps out of the entryway into the field, holding a small purse and flanked by two heavily armed guards."
							]
						},
						"Nassius has asked for Azorius assistance but has also brought two human {@creature veteran||veterans} wearing no obvious guild identifiers to help take {@creature Krenko|KKW} into custody. Six Azorius {@creature Soldier|GGR|soldiers} are hidden in various spots between 50 and 100 feet of the front of the granary, ready to subdue characters who make a wrong move, or to take down {@creature Krenko|KKW} if he tries to flee.",
						"Nassius wants the characters to complete the exchange without a fuss and head home. He asks them if they questioned {@creature Krenko|KKW}, and to recount what the goblin said to them. {@creature Krenko|KKW} attempts to call out Nassius as a liar and a corrupt official, but Nassius's veterans move to gag {@creature Krenko|KKW} to stop him from talking.",
						"Nassius doesn't answer any questions about where he's taking {@creature Krenko|KKW}, nor does he address the veracity of any claims of corruption. He remarks that he serves the office of the Guildpact, and he's taking {@creature Krenko|KKW} in for the good of the city. The Shattergang Brothers might still take over the turf of {@creature Krenko|KKW}'s gang, but probably without a destructive gang war.",
						{
							"type": "entries",
							"name": "Nassius's Patron",
							"id": "036",
							"entries": [
								"{@creature Krenko|KKW} was right about one thing: Nassius Ven has been using his position to keep himself wealthy and protected. A patron approached Nassius and made a deal to have {@creature Krenko|KKW} delivered to them instead of to his rightful place in his new cell at Udzec. Nassius was assured that {@creature Krenko|KKW} would eventually make his way back to the prison alive, but the patron wanted to have a few words with him first.",
								"To determine whom Nassius Ven cut a deal with, you can roll to determine a patron from the table below, or you can choose one. If the patron is a guild, you should select a guild that isn't represented by an adventurer in the party. The patron might influence future dealings with both Nassius Ven and {@creature Krenko|KKW}.",
								{
									"type": "table",
									"caption": "Nassius's Patron",
									"colLabels": [
										"d6",
										"Patron"
									],
									"colStyles": [
										"text-center col-2",
										"col-10"
									],
									"rows": [
										[
											"1",
											"Azorius Senate"
										],
										[
											"2",
											"Boros Legion"
										],
										[
											"3",
											"Mr. Taz"
										],
										[
											"4",
											"Orzhov Syndicate"
										],
										[
											"5",
											"Shattergang Brothers"
										],
										[
											"6",
											"Selesnya Conclave"
										]
									]
								}
							]
						}
					]
				},
				{
					"type": "section",
					"name": "The End?",
					"id": "037",
					"entries": [
						"The characters earn 1 renown in their guild if they deliver {@creature Krenko|KKW} to Nassius.",
						"In addition to the adventure seeds in the first part of this chapter, you can build on the events of this adventure to chart a course for the party's next adventures. Consider these questions:",
						{
							"type": "list",
							"items": [
								"Who were {@creature Krenko|KKW}'s and Nassius's allies? How might they respond to the characters' actions?",
								"What's the balance of power between {@creature Krenko|KKW}'s gang and the Shattergang Brothers? Is either gang likely to take revenge on the characters for what they did? Or did the characters earn the gratitude of either gang?",
								"How might Nassius, {@creature Krenko|KKW}, Falish, and other NPCs interact with the adventurers in the future? Could one of them ask for the characters' help with a new crisis, or turn into a dangerous antagonist?",
								"Did the characters use any of their contacts to gather information? Might those individuals' involvement cause them trouble that could involve the adventurers?"
							]
						}
					]
				}
			]
		}
	]
}
