{
	"subclass": [
		{
			"name": "Mage of Lorehold (UA)",
			"shortName": "Lorehold (UA)",
			"source": "UA2021MagesOfStrixhaven",
			"className": "Generic",
			"classSource": "Generic",
			"page": 2,
			"additionalSpells": [
				{
					"known": {
						"3": [
							"knock",
							"locate object"
						],
						"5": [
							"speak with dead",
							"spirit guardians"
						],
						"7": [
							"arcane eye",
							"stone shape"
						],
						"9": [
							"destructive wave",
							"legend lore"
						]
					}
				}
			],
			"subclassFeatures": [
				"Mage of Lorehold|Generic|Generic|Lorehold (UA)|UA2021MagesOfStrixhaven|1",
				"Lessons of the Past|Generic|Generic|Lorehold (UA)|UA2021MagesOfStrixhaven|6",
				"War Echoes|Generic|Generic|Lorehold (UA)|UA2021MagesOfStrixhaven|10",
				"History's Whims|Generic|Generic|Lorehold (UA)|UA2021MagesOfStrixhaven|14"
			]
		},
		{
			"name": "Mage of Prismari (UA)",
			"shortName": "Prismari (UA)",
			"source": "UA2021MagesOfStrixhaven",
			"className": "Generic",
			"classSource": "Generic",
			"page": 4,
			"subclassFeatures": [
				"Mage of Prismari|Generic|Generic|Prismari (UA)|UA2021MagesOfStrixhaven|1",
				"Favored Medium|Generic|Generic|Prismari (UA)|UA2021MagesOfStrixhaven|6",
				"Focused Expression|Generic|Generic|Prismari (UA)|UA2021MagesOfStrixhaven|10",
				"Impeccable Physicality|Generic|Generic|Prismari (UA)|UA2021MagesOfStrixhaven|14"
			]
		},
		{
			"name": "Mage of Quandrix (UA)",
			"shortName": "Quandrix (UA)",
			"source": "UA2021MagesOfStrixhaven",
			"className": "Generic",
			"classSource": "Generic",
			"page": 5,
			"additionalSpells": [
				{
					"known": {
						"3": [
							"knock",
							"locate object"
						],
						"5": [
							"speak with dead",
							"spirit guardians"
						],
						"7": [
							"arcane eye",
							"stone shape"
						],
						"9": [
							"destructive wave",
							"legend lore"
						]
					}
				}
			],
			"subclassFeatures": [
				"Mage of Quandrix|Generic|Generic|Quandrix (UA)|UA2021MagesOfStrixhaven|1",
				"Velocity Shift|Generic|Generic|Quandrix (UA)|UA2021MagesOfStrixhaven|6",
				"Null Equation|Generic|Generic|Quandrix (UA)|UA2021MagesOfStrixhaven|10",
				"Quantum Tunneling|Generic|Generic|Quandrix (UA)|UA2021MagesOfStrixhaven|14"
			]
		},
		{
			"name": "Mage of Silverquill (UA)",
			"shortName": "Silverquill (UA)",
			"source": "UA2021MagesOfStrixhaven",
			"className": "Generic",
			"classSource": "Generic",
			"page": 6,
			"subclassFeatures": [
				"Mage of Silverquill|Generic|Generic|Silverquill (UA)|UA2021MagesOfStrixhaven|1",
				"Inky Shroud|Generic|Generic|Silverquill (UA)|UA2021MagesOfStrixhaven|6",
				"Infusion of Eloquence|Generic|Generic|Silverquill (UA)|UA2021MagesOfStrixhaven|10",
				"Word of Power|Generic|Generic|Silverquill (UA)|UA2021MagesOfStrixhaven|14"
			]
		},
		{
			"name": "Mage of Witherbloom (UA)",
			"shortName": "Witherbloom (UA)",
			"source": "UA2021MagesOfStrixhaven",
			"className": "Generic",
			"classSource": "Generic",
			"page": 8,
			"additionalSpells": [
				{
					"known": {
						"3": [
							"lesser restoration",
							"ray of enfeeblement"
						],
						"5": [
							"revivify",
							"vampiric touch"
						],
						"7": [
							"blight",
							"greater restoration"
						],
						"9": [
							"antilife shell",
							"mass cure wounds"
						]
					}
				}
			],
			"subclassFeatures": [
				"Mage of Witherbloom|Generic|Generic|Witherbloom (UA)|UA2021MagesOfStrixhaven|1",
				"Witherbloom Brew|Generic|Generic|Witherbloom (UA)|UA2021MagesOfStrixhaven|6",
				"Witherbloom Adept|Generic|Generic|Witherbloom (UA)|UA2021MagesOfStrixhaven|10",
				"Withering Vortex|Generic|Generic|Witherbloom (UA)|UA2021MagesOfStrixhaven|14"
			]
		}
	],
	"subclassFeature": [
		{
			"name": "Ancient Companion",
			"source": "UA2021MagesOfStrixhaven",
			"page": 2,
			"className": "Generic",
			"classSource": "Generic",
			"subclassShortName": "Lorehold (UA)",
			"subclassSource": "UA2021MagesOfStrixhaven",
			"level": 1,
			"isGainAtNextFeatureLevel": true,
			"entries": [
				"{@i Level 1+ Mage of Lorehold Feature}",
				"You learn to call on the spirits of the ancient dead and house them temporarily in the remnants of old statues, so they may remain longer on this plane to bolster your studies and aid you in battle.",
				"Whenever you finish a short or long rest, you can call forth and bond with one such spirit, who comes to inhabit a Medium, freestanding statue within 10 feet of you to serve as your {@creature ancient companion|UA2021MagesOfStrixhaven}. See this creature's game statistics in the {@creature Ancient Companion|UA2021MagesOfStrixhaven} stat block, which uses your proficiency bonus (PB) in several places. When you bond with your ancient companion, choose the type of spirit you bond with: Healer, Sage, or Warrior. Your choice of spirit determines certain traits in its stat block. The statue determines the spirit's appearance.",
				"The ancient companion is friendly to you and your companions and obeys your commands. In combat, the companion shares your initiative count, but it takes its turn immediately after yours. It can move and use its reaction on its own, but the only action it takes on its turn is the {@action Dodge} action, unless you take a bonus action on your turn to command it to take another action. That action can be one in its stat block or some other action. If you are {@condition incapacitated}, the companion can take any action of its choice, not just {@action Dodge}.",
				"As an action, you can touch the ancient companion and expend a spell slot of 1st-level or higher. The ancient companion regains a number of hit points equal to 10 times the level of spell slot expended.",
				"The companion perishes when it drops to 0 hit points, when you bond with a new ancient companion at the end of a short or long rest, or when you die. When the companion perishes, the spirit within returns to its plane of origin, and the statue becomes an inert object."
			]
		},
		{
			"name": "Lorehold Spells",
			"source": "UA2021MagesOfStrixhaven",
			"page": 2,
			"className": "Generic",
			"classSource": "Generic",
			"subclassShortName": "Lorehold (UA)",
			"subclassSource": "UA2021MagesOfStrixhaven",
			"level": 1,
			"isGainAtNextFeatureLevel": true,
			"entries": [
				"{@i Level 1+ Mage of Lorehold Feature}",
				"You learn the cantrip {@spell sacred flame} and the 1st-level spell {@spell comprehend languages}. You learn additional spells when you reach certain levels in this class, as shown on the Lorehold Spells table.",
				"Each of these spells counts as a class spell for you, but it doesn't count against the number of spells you know. If you are a wizard, you can add these spells to your spellbook upon learning them, without expending any gold, and prepare them as normal.",
				{
					"type": "table",
					"caption": "Lorehold Spells",
					"colLabels": [
						"Class Level",
						"Spells"
					],
					"colStyles": [
						"col-2 text-center",
						"col-10"
					],
					"rows": [
						[
							"3rd",
							"{@spell knock}, {@spell locate object}"
						],
						[
							"5th",
							"{@spell speak with dead}, {@spell spirit guardians}"
						],
						[
							"7th",
							"{@spell arcane eye}, {@spell stone shape}"
						],
						[
							"9th",
							"{@spell destructive wave}, {@spell legend lore}"
						]
					]
				}
			]
		},
		{
			"name": "Mage of Lorehold",
			"source": "UA2021MagesOfStrixhaven",
			"page": 2,
			"className": "Generic",
			"classSource": "Generic",
			"subclassShortName": "Lorehold (UA)",
			"subclassSource": "UA2021MagesOfStrixhaven",
			"level": 1,
			"isGainAtNextFeatureLevel": true,
			"entries": [
				"{@i Bard, Warlock, and Wizard Subclass}",
				"Mages of Lorehold are particularly concerned with the forces that underlie and drive history. Drawing inspiration from the scholars and adventurers of old, they manifest the arcane power of the past through ethereal dioramas and fantastical battle prowess. Lorehold mages are often found with a long-dead spirit summoned at their side\u2014for who better to learn ancient history from than one who has experienced it first-hand?",
				{
					"type": "entries",
					"name": "Using This Subclass",
					"entries": [
						"Upon selecting the Mage of Lorehold subclass, you gain two features: Lorehold Spells and Ancient Companion.",
						"In this subclass's features, any reference to your class refers to the class from which you gained the subclass. If you're a bard, the College of Lorehold counts as your college; if you're a warlock, the magic of the college serves as your patron; and if you're a wizard, the college represents your arcane tradition.",
						"When you subsequently reach a level in your class that gives you a subclass feature, you gain one feature of your choice from the options presented here. Each feature has a class level prerequisite, as noted beneath its name. You must meet that prerequisite to gain the feature."
					]
				},
				{
					"type": "refSubclassFeature",
					"subclassFeature": "Lorehold Spells|Generic|Generic|Lorehold (UA)|UA2021MagesOfStrixhaven|1"
				},
				{
					"type": "refSubclassFeature",
					"subclassFeature": "Ancient Companion|Generic|Generic|Lorehold (UA)|UA2021MagesOfStrixhaven|1"
				}
			]
		},
		{
			"name": "Lessons of the Past",
			"source": "UA2021MagesOfStrixhaven",
			"page": 3,
			"className": "Generic",
			"classSource": "Generic",
			"subclassShortName": "Lorehold (UA)",
			"subclassSource": "UA2021MagesOfStrixhaven",
			"level": 6,
			"isGainAtNextFeatureLevel": true,
			"header": 2,
			"entries": [
				"{@i Level 6+ Mage of Lorehold Feature}",
				"Through your studies, you learn how to better listen and take to heart the teachings of history. When you bond with your ancient companion, you gain the following additional benefits depending on the type of spirit you chose:",
				{
					"type": "list",
					"style": "list-hang-notitle",
					"items": [
						{
							"type": "item",
							"name": "Healer.",
							"entry": "Your hit point maximum increases by an amount equal to your level in this class, and you gain the same number of hit points. When you regain hit points from a spell, you regain an additional {@dice 1d8} hit points."
						},
						{
							"type": "item",
							"name": "Sage.",
							"entry": "You have advantage on ability checks using the {@skill Arcana}, {@skill History}, {@skill Nature}, and {@skill Religion} skills. Additionally, once per turn, when you deal damage to a creature with a spell of 1st-level or higher, you can deal an additional {@damage 1d8} force damage to that creature."
						},
						{
							"type": "item",
							"name": "Warrior.",
							"entry": "If you use your action to cast a cantrip, you can make one weapon attack as part of that action. If that weapon attack hits, the target takes an additional {@damage 1d8} radiant damage."
						}
					]
				},
				"When you bond with a new ancient companion of a different type, you immediately lose the benefits of your previous companion and gain the benefits from the new companion's type."
			]
		},
		{
			"name": "War Echoes",
			"source": "UA2021MagesOfStrixhaven",
			"page": 3,
			"className": "Generic",
			"classSource": "Generic",
			"subclassShortName": "Lorehold (UA)",
			"subclassSource": "UA2021MagesOfStrixhaven",
			"level": 10,
			"isGainAtNextFeatureLevel": true,
			"header": 2,
			"entries": [
				"{@i Level 10+ Mage of Lorehold Feature}",
				"By pulling from the magic of the past, you can cause your opponent's old wounds to resonate anew. Once per turn, when a creature you can see hits a target with an attack roll, you can use your reaction to force the target to make a Wisdom saving throw against your spell save DC. On a failure, the target becomes vulnerable to one of the damage types dealt by the attack. This vulnerability lasts until the end of the target's next turn and affects the damage dealt by the triggering attack.",
				"You can use your reaction in this way a number of times equal to your proficiency bonus, and you regain all expended uses when you finish a long rest."
			]
		},
		{
			"name": "History's Whims",
			"source": "UA2021MagesOfStrixhaven",
			"page": 4,
			"className": "Generic",
			"classSource": "Generic",
			"subclassShortName": "Lorehold (UA)",
			"subclassSource": "UA2021MagesOfStrixhaven",
			"level": 14,
			"isGainAtNextFeatureLevel": true,
			"header": 2,
			"entries": [
				"{@i Level 14+ Mage of Lorehold Feature}",
				"Through steeping yourself in the chaotic whims of history, you learn how to briefly channel the wild nature of time itself. As a bonus action, you can enter a state of chronal chaos. When you enter this state, and at the start of each of your subsequent turns while in this state, you gain one of the following benefits of your choice:",
				{
					"type": "list",
					"style": "list-hang-notitle",
					"items": [
						{
							"type": "item",
							"name": "Luck",
							"entry": "You receive brief flashes of the future, steeling yourself against oncoming assaults. Whenever you make a saving throw against an effect that deals damage, you can roll a {@dice d6} and add the number rolled to the total."
						},
						{
							"type": "item",
							"name": "Resistance",
							"entry": "You rewind time, knitting together injuries as they occur. You have resistance to bludgeoning, piercing, and slashing damage."
						},
						{
							"type": "item",
							"name": "Swiftness",
							"entry": "Time stutters, slowing others but hurtling you forward. Your movement speed increases by 15 feet, and you do not provoke opportunity attacks."
						}
					]
				},
				"The benefit lasts until the start of your next turn. You cannot choose the same benefit two rounds in a row.",
				"The state lasts for 1 minute and ends early if you're {@condition incapacitated}. Once you use this feature, you can't use it again until you finish a long rest, unless you expend a spell slot of 4th level or higher to use it again."
			]
		},
		{
			"name": "Creative Skills",
			"source": "UA2021MagesOfStrixhaven",
			"page": 4,
			"className": "Generic",
			"classSource": "Generic",
			"subclassShortName": "Prismari (UA)",
			"subclassSource": "UA2021MagesOfStrixhaven",
			"level": 1,
			"isGainAtNextFeatureLevel": true,
			"entries": [
				"{@i Level 1+ Mage of Prismari Feature}",
				"You gain proficiency in two of the following skills of your choice: {@skill Acrobatics}, {@skill Athletics}, {@skill Nature}, or {@skill Performance}."
			]
		},
		{
			"name": "Kinetic Artistry",
			"source": "UA2021MagesOfStrixhaven",
			"page": 4,
			"className": "Generic",
			"classSource": "Generic",
			"subclassShortName": "Prismari (UA)",
			"subclassSource": "UA2021MagesOfStrixhaven",
			"level": 1,
			"isGainAtNextFeatureLevel": true,
			"entries": [
				"{@i Level 1+ Mage of Prismari Feature}",
				"You can {@action Dash} as a bonus action. When you take this bonus action, choose one of the following additional effects:",
				{
					"type": "list",
					"style": "list-hang-notitle",
					"items": [
						{
							"type": "item",
							"name": "Boreal Sweep",
							"entry": "Icy water swirls around you. Until the end of your turn, you can move across the surface of water as if it were harmless solid ground. Additionally, when you leave a space within 5 feet of a creature, you can force that creature to make a Strength saving throw against your spell save DC. On a failed save, the creature is knocked {@condition prone}. A creature can be affected by the water only once each turn."
						},
						{
							"type": "item",
							"name": "Scorching Whirl",
							"entry": "Flames wreath your steps. Once before the end of your turn, you can force each creature within 5 feet of you to make a Dexterity saving throw against your spell save DC. On a failure, a creature takes fire damage equal to {@dice 1d4} + your spellcasting modifier."
						},
						{
							"type": "item",
							"name": "Thunderlight Jaunt",
							"entry": "You take on a nimble lightning form. Until the end of your turn, you can move through the space of other creatures, and you do not provoke opportunity attacks. If you end your turn inside a creature's space, you are pushed into the nearest unoccupied space."
						}
					]
				},
				"You can use a bonus action in this way a number of times equal to your proficiency bonus, and you regain all expended uses when you finish a long rest."
			]
		},
		{
			"name": "Mage of Prismari",
			"source": "UA2021MagesOfStrixhaven",
			"page": 4,
			"className": "Generic",
			"classSource": "Generic",
			"subclassShortName": "Prismari (UA)",
			"subclassSource": "UA2021MagesOfStrixhaven",
			"level": 1,
			"isGainAtNextFeatureLevel": true,
			"entries": [
				"{@i Druid, Sorcerer, and Wizard Subclass}",
				"Mages of Prismari use surges of elemental energy to express who they are and how they see the world. To them, magic and motion are one and the same; both are exhibitions of raw creativity through which masterpieces are made. In their pursuit of the arts, some Prismari mages focus on perfecting the fine details of their technique, while others prefer to unleash their wild creative visions in dazzling spectacles of elemental power.",
				{
					"type": "entries",
					"name": "Using This Subclass",
					"entries": [
						"Upon selecting the Mage of Prismari subclass, you gain two features: Creative Skills and Kinetic Artistry.",
						"In this subclass's features, any reference to your class refers to the class from which you gained the subclass. If you're a druid, the College of Prismari counts as your circle; if you're a sorcerer, the magic of the college is the origin of your sorcery; and if you're a wizard, the college represents your arcane tradition.",
						"When you subsequently reach a level in your class that gives you a subclass feature, you gain one feature of your choice from the options presented here. Each feature has a class level prerequisite, as noted beneath its name. You must meet that prerequisite to gain the feature."
					]
				},
				{
					"type": "refSubclassFeature",
					"subclassFeature": "Creative Skills|Generic|Generic|Prismari (UA)|UA2021MagesOfStrixhaven|1"
				},
				{
					"type": "refSubclassFeature",
					"subclassFeature": "Kinetic Artistry|Generic|Generic|Prismari (UA)|UA2021MagesOfStrixhaven|1"
				}
			]
		},
		{
			"name": "Favored Medium",
			"source": "UA2021MagesOfStrixhaven",
			"page": 5,
			"className": "Generic",
			"classSource": "Generic",
			"subclassShortName": "Prismari (UA)",
			"subclassSource": "UA2021MagesOfStrixhaven",
			"level": 6,
			"isGainAtNextFeatureLevel": true,
			"header": 2,
			"entries": [
				"{@i Level 6+ Mage of Prismari Feature}",
				"You have honed your forms of elemental expression to best suit your ideas. Choose one of the following damage types: cold, fire, or lightning. You gain resistance to that damage type.",
				"Additionally, when you cast a spell using a spell slot that deals the chosen damage type, you emit a spectacular aura of artistry, which extends 5 feet from you in every direction (but not through total cover) and lasts until the end of your next turn. While the aura is active, each creature of your choice has resistance to your chosen damage type while within the aura, as you shape your favored elemental medium around them.",
				"You can change your choice of damage type whenever you finish a long rest."
			]
		},
		{
			"name": "Focused Expression",
			"source": "UA2021MagesOfStrixhaven",
			"page": 5,
			"className": "Generic",
			"classSource": "Generic",
			"subclassShortName": "Prismari (UA)",
			"subclassSource": "UA2021MagesOfStrixhaven",
			"level": 10,
			"isGainAtNextFeatureLevel": true,
			"header": 2,
			"entries": [
				"{@i Level 10+ Mage of Prismari Feature}",
				"Honing your talents, you skillfully infuse your motions with even more potent expressions of elemental might. Once per turn when you deal damage to at least one target, you gain an additional effect determined by the damage type chosen for your Favored Medium feature:",
				{
					"type": "list",
					"style": "list-hang-notitle",
					"items": [
						{
							"type": "item",
							"name": "Cold",
							"entry": "One of the targets of your choice takes an additional {@damage 1d6} cold damage and must make a Constitution saving throw against your spell save DC. On a failed save, the target's speed is reduced by 10 feet until the end of its next turn, as ice mires it. A target can be affected by the ice only once per round."
						},
						{
							"type": "item",
							"name": "Fire",
							"entry": "One of the targets of your choice takes an additional {@damage 1d6} fire damage. Fortifying flames then dance around one creature of your choice within 30 feet of you. The chosen creature gains {@dice 1d6} temporary hit points."
						},
						{
							"type": "item",
							"name": "Lightning",
							"entry": "One of the targets of your choice takes an additional {@damage 1d6} lightning damage and must make a Dexterity saving throw against your spell save DC. On a failed save, the target is unable to take reactions until the end of its next turn, as residual lightning shocks its form."
						}
					]
				}
			]
		},
		{
			"name": "Impeccable Physicality",
			"source": "UA2021MagesOfStrixhaven",
			"page": 5,
			"className": "Generic",
			"classSource": "Generic",
			"subclassShortName": "Prismari (UA)",
			"subclassSource": "UA2021MagesOfStrixhaven",
			"level": 14,
			"isGainAtNextFeatureLevel": true,
			"header": 2,
			"entries": [
				"{@i Level 14+ Mage of Prismari Feature}",
				"Your relentless dedication and training have instilled an outstanding sense of precision and grace in your art. You gain proficiency in Dexterity saving throws if you do not already have it. Additionally, when you make a Dexterity saving throw, you can treat a {@dice d20} roll of a 9 or lower as a 10."
			]
		},
		{
			"name": "Functions of Probability",
			"source": "UA2021MagesOfStrixhaven",
			"page": 6,
			"className": "Generic",
			"classSource": "Generic",
			"subclassShortName": "Quandrix (UA)",
			"subclassSource": "UA2021MagesOfStrixhaven",
			"level": 1,
			"isGainAtNextFeatureLevel": true,
			"entries": [
				"{@i Level 1+ Mage of Quandrix Feature}",
				"By iterating on the mathematical patterns of reality, you can nudge chance to tilt around a creature. When you cast a spell using a spell slot that targets at least one creature, you can choose that creature or another creature within 30 feet of it (including yourself) and add one of the following effects:",
				{
					"type": "list",
					"style": "list-hang-notitle",
					"items": [
						{
							"type": "item",
							"name": "Diminishing Function",
							"entry": "The chosen creature must succeed on a Wisdom saving throw against your spell save DC, or the creature must roll a {@dice d6} and subtract the number rolled from the next attack roll it makes before the start of your next turn."
						},
						{
							"type": "item",
							"name": "Supplemental Function",
							"entry": "Once before the start of your next turn, the chosen creature can roll a {@dice d6} and add the number rolled to an attack roll or a saving throw of its choice. The creature can roll the {@dice d6} after rolling the {@dice d20} but must decide before any effects of the roll occur."
						}
					]
				}
			]
		},
		{
			"name": "Mage of Quandrix",
			"source": "UA2021MagesOfStrixhaven",
			"page": 5,
			"className": "Generic",
			"classSource": "Generic",
			"subclassShortName": "Quandrix (UA)",
			"subclassSource": "UA2021MagesOfStrixhaven",
			"level": 1,
			"isGainAtNextFeatureLevel": true,
			"entries": [
				"{@i Sorcerer and Wizard Subclass}",
				"For those who become Mages of Quandrix, math and magic go hand-in-hand. Such individuals learn to break down natural phenomena into their core numerical components and, through manipulating those, alter reality on a whim. Their talents range from tangible physics, like multiplying plant growth and redistributing elements of probability and acceleration, to bizarrely theoretical exercises that warp the fundamentals of space and self.",
				{
					"type": "entries",
					"name": "Using This Subclass",
					"entries": [
						"Upon selecting the Mage of Quandrix subclass, you gain two features: Quandrix Spells and Functions of Probability.",
						"In this subclass's features, any reference to your class refers to the class from which you gained the subclass. If you're a sorcerer, the magic of Quandrix is part of your sorcerous origin, and if you're a wizard, the college represents your arcane tradition.",
						"When you subsequently reach a level in your class that gives you a subclass feature, you gain one feature of your choice from the options presented here. Each feature has a class level prerequisite, as noted beneath its name. You must meet that prerequisite to gain the feature."
					]
				},
				{
					"type": "refSubclassFeature",
					"subclassFeature": "Quandrix Spells|Generic|Generic|Quandrix (UA)|UA2021MagesOfStrixhaven|1"
				},
				{
					"type": "refSubclassFeature",
					"subclassFeature": "Functions of Probability|Generic|Generic|Quandrix (UA)|UA2021MagesOfStrixhaven|1"
				}
			]
		},
		{
			"name": "Quandrix Spells",
			"source": "UA2021MagesOfStrixhaven",
			"page": 6,
			"className": "Generic",
			"classSource": "Generic",
			"subclassShortName": "Quandrix (UA)",
			"subclassSource": "UA2021MagesOfStrixhaven",
			"level": 1,
			"isGainAtNextFeatureLevel": true,
			"entries": [
				"{@i Level 1+ Mage of Quandrix Feature}",
				"You learn the cantrip guidance and the 1st-level spell guiding bolt. You learn additional spells when you reach certain levels in this class, as shown on the Quandrix Spells table.",
				"Each of these spells counts as a class spell for you, but it doesn't count against the number of spells you know. If you are a wizard, you can add these spells to your spellbook upon learning them, without expending any gold, and prepare them as normal.",
				{
					"type": "table",
					"caption": "Quandrix Spells",
					"colLabels": [
						"Class Level",
						"Spells"
					],
					"colStyles": [
						"col-2 text-center",
						"col-10"
					],
					"rows": [
						[
							"3rd",
							"{@spell enlarge/reduce}, {@spell spike growth}"
						],
						[
							"5th",
							"{@spell aura of vitality}, {@spell haste}"
						],
						[
							"7th",
							"{@spell control water}, {@spell freedom of movement}"
						],
						[
							"9th",
							"{@spell circle of power}, {@spell passwall}"
						]
					]
				}
			]
		},
		{
			"name": "Velocity Shift",
			"source": "UA2021MagesOfStrixhaven",
			"page": 6,
			"className": "Generic",
			"classSource": "Generic",
			"subclassShortName": "Quandrix (UA)",
			"subclassSource": "UA2021MagesOfStrixhaven",
			"level": 6,
			"isGainAtNextFeatureLevel": true,
			"header": 2,
			"entries": [
				"{@i Level 6+ Mage of Quandrix Feature}",
				"You learn to manipulate kinetic formulas and alter the velocity of another creature. When a creature you can see starts its turn or moves to a space within 30 feet of you, you can use your reaction to force the creature to make a Charisma saving throw against your spell save DC, which it can choose to fail. On a failure, the creature is teleported to an unoccupied space of your choice that you can see within 30 feet of you.",
				"You can use your reaction in this way a number of times equal to your proficiency bonus, and you regain all expended uses when you finish a long rest."
			]
		},
		{
			"name": "Null Equation",
			"source": "UA2021MagesOfStrixhaven",
			"page": 6,
			"className": "Generic",
			"classSource": "Generic",
			"subclassShortName": "Quandrix (UA)",
			"subclassSource": "UA2021MagesOfStrixhaven",
			"level": 10,
			"isGainAtNextFeatureLevel": true,
			"header": 2,
			"entries": [
				"{@i Level 10+ Mage of Quandrix Feature}",
				"Through careful calculations, you beset your enemies with abstract equations that reduce their might. Once per turn, immediately after dealing damage to a creature, you can force the creature to make a Constitution saving throw against your spell save DC. On a failure, the creature has disadvantage on Strength and Dexterity saving throws, and its weapon attacks deal only half damage. These effects last until the start of your next turn.",
				"You can use this feature a number of times equal to your proficiency bonus, and you regain all expended uses when you finish a long rest."
			]
		},
		{
			"name": "Quantum Tunneling",
			"source": "UA2021MagesOfStrixhaven",
			"page": 6,
			"className": "Generic",
			"classSource": "Generic",
			"subclassShortName": "Quandrix (UA)",
			"subclassSource": "UA2021MagesOfStrixhaven",
			"level": 14,
			"isGainAtNextFeatureLevel": true,
			"header": 2,
			"entries": [
				"{@i Level 14+ Mage of Quandrix Feature}",
				"Your mathematical expertise extends to altering the foundational equations of your very being. You gain resistance to bludgeoning, piercing, and slashing damage.",
				"Additionally, you can move through other creatures and objects as if they were difficult terrain, but you take {@damage 1d10} force damage for every 5 feet you move while inside another creature or object. If you end your turn inside a creature or an object, you are shunted into the nearest unoccupied space you last occupied."
			]
		},
		{
			"name": "Eloquent Apprentice",
			"source": "UA2021MagesOfStrixhaven",
			"page": 7,
			"className": "Generic",
			"classSource": "Generic",
			"subclassShortName": "Silverquill (UA)",
			"subclassSource": "UA2021MagesOfStrixhaven",
			"level": 1,
			"isGainAtNextFeatureLevel": true,
			"entries": [
				"{@i Level 1+ Mage of Silverquill Feature}",
				"You learn one cantrip of your choice, either {@spell sacred flame} or {@spell vicious mockery}. It doesn't count against the number of cantrips you know, and it is added to your class spell list if it isn't there already.",
				"Additionally, you gain proficiency in your choice of two of the following skills: {@skill Deception}, {@skill Intimidation}, {@skill Performance}, {@skill Persuasion}, or {@skill Insight}."
			]
		},
		{
			"name": "Mage of Silverquill",
			"source": "UA2021MagesOfStrixhaven",
			"page": 6,
			"className": "Generic",
			"classSource": "Generic",
			"subclassShortName": "Silverquill (UA)",
			"subclassSource": "UA2021MagesOfStrixhaven",
			"level": 1,
			"isGainAtNextFeatureLevel": true,
			"entries": [
				"{@i Bard, Warlock, or Wizard Subclass}",
				"Mages of Silverquill hone the power of words. They channel the magic of light and shadow through words, whether spoken aloud, written, or signed through gestures. The words of a mage of Silverquill bring salvation to their allies and despair to their enemies.",
				{
					"type": "entries",
					"name": "Using This Subclass",
					"entries": [
						"Upon selecting the Mage of Silverquill subclass, you gain two features: Eloquent Apprentice and Silvery Barbs.",
						"In this subclass's features, any reference to your class refers to the class from which you gained the subclass. If you're a bard, the College of Silverquill counts as your college, if you're a warlock, the college counts as your patron, and if you're a wizard, the college counts as your tradition.",
						"When you subsequently reach a level in your class that gives you a subclass feature, you gain one feature of your choice from the options presented here. Each feature has a class level prerequisite, as noted beneath its name. You must meet that prerequisite to gain the feature."
					]
				},
				{
					"type": "refSubclassFeature",
					"subclassFeature": "Eloquent Apprentice|Generic|Generic|Silverquill (UA)|UA2021MagesOfStrixhaven|1"
				},
				{
					"type": "refSubclassFeature",
					"subclassFeature": "Silvery Barbs|Generic|Generic|Silverquill (UA)|UA2021MagesOfStrixhaven|1"
				}
			]
		},
		{
			"name": "Silvery Barbs",
			"source": "UA2021MagesOfStrixhaven",
			"page": 7,
			"className": "Generic",
			"classSource": "Generic",
			"subclassShortName": "Silverquill (UA)",
			"subclassSource": "UA2021MagesOfStrixhaven",
			"level": 1,
			"isGainAtNextFeatureLevel": true,
			"entries": [
				"{@i Level 1+ Mage of Silverquill Feature}",
				"You can invoke words laced with magic to demoralize your foes and turn their misfortune into a boon to bolster your allies. Immediately after a creature you can see within 60 feet of you succeeds on an attack roll, an ability check, or a saving throw, you can use your reaction to demoralize the creature. Unless the creature is immune to being {@condition charmed}, it rerolls the {@dice d20} and must use the lower roll. If the attack roll, ability check, or saving throw then fails, you can choose a different creature you can see within 60 feet of you (you can choose yourself). That creature is empowered, and can reroll one attack roll, ability check, or saving throw it makes within 1 minute and use the higher result. A creature can be empowered by only one use of this feature at a time.",
				"Once a creature fails an attack roll, an ability check, or a saving throw because of a reroll forced by this feature, you can't use the feature again until you finish a long rest, unless you expend a spell slot to use it again."
			]
		},
		{
			"name": "Inky Shroud",
			"source": "UA2021MagesOfStrixhaven",
			"page": 7,
			"className": "Generic",
			"classSource": "Generic",
			"subclassShortName": "Silverquill (UA)",
			"subclassSource": "UA2021MagesOfStrixhaven",
			"level": 6,
			"isGainAtNextFeatureLevel": true,
			"header": 2,
			"entries": [
				"{@i Level 6+ Mage of Silverquill Feature}",
				"You learn the {@spell darkness} spell, and it is added to your class spell list if it isn't there already. If you are a wizard, you add it to your spellbook, if it's not there already.",
				"You can cast the spell without expending a spell slot, and you can't do so again until you finish a long rest. When you cast the spell in this way, you can see normally through the darkness created, and when a creature you can see starts its turn in the darkness, you can deal {@damage 2d10} psychic damage to that creature.",
				"You can also cast the spell normally, without the additional effects, by using spell slots you have of 2nd level or higher."
			]
		},
		{
			"name": "Infusion of Eloquence",
			"source": "UA2021MagesOfStrixhaven",
			"page": 7,
			"className": "Generic",
			"classSource": "Generic",
			"subclassShortName": "Silverquill (UA)",
			"subclassSource": "UA2021MagesOfStrixhaven",
			"level": 10,
			"isGainAtNextFeatureLevel": true,
			"header": 2,
			"entries": [
				"{@i Level 10+ Mage of Silverquill Feature}",
				"When you cast a spell that deals damage, you can invoke additional words of power to change the spell's damage type to your choice of psychic or radiant. Any creature damaged by the spell takes extra damage equal to your proficiency bonus and has its emotions swayed with despair or adoration, based on the damage type dealt:",
				{
					"type": "list",
					"style": "list-hang-notitle",
					"items": [
						{
							"type": "item",
							"name": "Psychic",
							"entry": "The creature is {@condition frightened} of you until the start of your next turn."
						},
						{
							"type": "item",
							"name": "Radiant",
							"entry": "The creature is {@condition charmed} by you until the start of your next turn."
						}
					]
				},
				"You can use this feature a number of times equal to your proficiency bonus, and you regain all expended uses when you finish a long rest."
			]
		},
		{
			"name": "Word of Power",
			"source": "UA2021MagesOfStrixhaven",
			"page": 7,
			"className": "Generic",
			"classSource": "Generic",
			"subclassShortName": "Silverquill (UA)",
			"subclassSource": "UA2021MagesOfStrixhaven",
			"level": 14,
			"isGainAtNextFeatureLevel": true,
			"header": 2,
			"entries": [
				"{@i Level 14+ Mage of Silverquill Feature}",
				"You can invoke a word of power that is the pinnacle of your magical study. You gain the following options:",
				{
					"type": "list",
					"style": "list-hang-notitle",
					"items": [
						{
							"type": "item",
							"name": "Deadly Despair",
							"entry": "When the target of your Silvery Barbs fails an attack roll, an ability check, or a saving throw because of the reroll, you can invoke a word of despair to give the target vulnerability to one damage type of your choice until the start of your next turn."
						},
						{
							"type": "item",
							"name": "Selfless Invocation",
							"entry": "When a creature you can see within 60 feet of you takes damage, you can invoke a word of power using your reaction to grant the creature resistance to that damage, and you take an amount of psychic damage equal to the damage that creature takes."
						}
					]
				}
			]
		},
		{
			"name": "Essence Tap",
			"source": "UA2021MagesOfStrixhaven",
			"page": 8,
			"className": "Generic",
			"classSource": "Generic",
			"subclassShortName": "Witherbloom (UA)",
			"subclassSource": "UA2021MagesOfStrixhaven",
			"level": 1,
			"isGainAtNextFeatureLevel": true,
			"entries": [
				"{@i Level 1+ Mage of Witherbloom Feature}",
				"As a bonus action, you can draw on a reservoir of life essence to empower yourself for 1 minute, or until you use this feature again. For the duration, you gain one of the following benefits of your choice:",
				{
					"type": "list",
					"style": "list-hang-notitle",
					"items": [
						{
							"type": "item",
							"name": "Overgrowth",
							"entry": "When you choose this benefit, and as a bonus action on subsequent turns while the benefit lasts, you can expend and roll one Hit Die. You regain a number of hit points equal to the number rolled plus your spellcasting ability modifier."
						},
						{
							"type": "item",
							"name": "Withering Strike",
							"entry": "When you deal damage, you can change the damage type to necrotic, and you ignore resistance to necrotic damage."
						}
					]
				},
				"You can use this feature a number of times equal to your proficiency bonus, and you regain all expended uses when you finish a long rest."
			]
		},
		{
			"name": "Mage of Witherbloom",
			"source": "UA2021MagesOfStrixhaven",
			"page": 8,
			"className": "Generic",
			"classSource": "Generic",
			"subclassShortName": "Witherbloom (UA)",
			"subclassSource": "UA2021MagesOfStrixhaven",
			"level": 1,
			"isGainAtNextFeatureLevel": true,
			"entries": [
				"{@i Druid and Warlock Subclass}",
				"Mages of Witherbloom draw their magic from the energy that endlessly flows from life to death, and back again. They see the duality of thriving life and inevitable death in all things, tapping and manipulating the transition of energy between these states. Some Witherbloom adherents focus on vital energies to nurture life and empower others, while others embrace the drain of vitality into decay to sap and strike down their foes.",
				{
					"type": "entries",
					"name": "Using This Subclass",
					"entries": [
						"Upon selecting the Mage of Witherbloom subclass, you gain two features: Witherbloom Spells and Essence Tap.",
						"In this subclass's features, any reference to your class refers to the class from which you gained the subclass. If you're a druid, the College of Witherbloom counts as your circle, and if you're a warlock, the college counts as your patron.",
						"When you subsequently reach a level in your class that gives you a subclass feature, you gain one feature of your choice from the options presented here. Each feature has a class level prerequisite, as noted beneath its name. You must meet that prerequisite to gain the feature."
					]
				},
				{
					"type": "refSubclassFeature",
					"subclassFeature": "Witherbloom Spells|Generic|Generic|Witherbloom (UA)|UA2021MagesOfStrixhaven|1"
				},
				{
					"type": "refSubclassFeature",
					"subclassFeature": "Essence Tap|Generic|Generic|Witherbloom (UA)|UA2021MagesOfStrixhaven|1"
				}
			]
		},
		{
			"name": "Witherbloom Spells",
			"source": "UA2021MagesOfStrixhaven",
			"page": 8,
			"className": "Generic",
			"classSource": "Generic",
			"subclassShortName": "Witherbloom (UA)",
			"subclassSource": "UA2021MagesOfStrixhaven",
			"level": 1,
			"isGainAtNextFeatureLevel": true,
			"entries": [
				"{@i Level 1+ Mage of Witherbloom Feature}",
				"You learn the cantrip spare the dying and the 1stlevel spells cure wounds and inflict wounds. You learn additional spells when you reach certain levels in this class, as shown on the Witherbloom Spells table.",
				"Each of these spells count as a class spell for you, but it doesn't count against the number of spells you know. If you are a druid, you always have the spells prepared, and they don't count against the number of spells you can prepare each day.",
				{
					"type": "table",
					"caption": "Witherbloom Spells",
					"colLabels": [
						"Class Level",
						"Spells"
					],
					"colStyles": [
						"col-2 text-center",
						"col-10"
					],
					"rows": [
						[
							"3rd",
							"{@spell lesser restoration}, {@spell ray of enfeeblement}"
						],
						[
							"5th",
							"{@spell revivify}, {@spell vampiric touch}"
						],
						[
							"7th",
							"{@spell blight}, {@spell greater restoration}"
						],
						[
							"9th",
							"{@spell antilife shell}, {@spell mass cure wounds}"
						]
					]
				}
			]
		},
		{
			"name": "Witherbloom Brew",
			"source": "UA2021MagesOfStrixhaven",
			"page": 8,
			"className": "Generic",
			"classSource": "Generic",
			"subclassShortName": "Witherbloom (UA)",
			"subclassSource": "UA2021MagesOfStrixhaven",
			"level": 6,
			"isGainAtNextFeatureLevel": true,
			"header": 2,
			"entries": [
				"{@i Level 6+ Mage of Witherbloom Feature}",
				"You gain proficiency with herbalism kits if you don't already have it.",
				"When you finish a long rest, you can use an herbalism kit and a pot or cauldron to create magical brews. You create a number of brews equal to your proficiency bonus. Each brew requires its own flask. A brew retains its magical potency for 24 hours or until it is used. For each brew, choose one of the following effects:",
				{
					"type": "list",
					"style": "list-hang-notitle",
					"items": [
						{
							"type": "item",
							"name": "Fortifying",
							"entry": "When you create this brew, choose a damage type from the following list: cold, fire, necrotic, poison, or radiant. A creature can drink this brew or administer it to another creature as an action. The recipient gains resistance to the chosen damage type for 1 hour."
						},
						{
							"type": "item",
							"name": "Quickening",
							"entry": "A creature can drink this brew or administer it to another creature as an action. The recipient regains {@dice 2d6} hit points, and one disease or condition from the following list affecting the recipient ends (brew user's choice): {@condition charmed}, {@condition frightened}, {@condition paralyzed}, {@condition poisoned}, {@condition stunned}."
						},
						{
							"type": "item",
							"name": "Toxifying",
							"entry": "As an action, a creature can apply this brew to a simple or martial weapon. The next time the weapon or a piece of ammunition fired by it hits a creature within 1 hour, the target takes {@damage 2d6} poison damage and must succeed on a Constitution saving throw against your spell save DC or be {@condition poisoned} for 1 minute."
						}
					]
				}
			]
		},
		{
			"name": "Witherbloom Adept",
			"source": "UA2021MagesOfStrixhaven",
			"page": 9,
			"className": "Generic",
			"classSource": "Generic",
			"subclassShortName": "Witherbloom (UA)",
			"subclassSource": "UA2021MagesOfStrixhaven",
			"level": 10,
			"isGainAtNextFeatureLevel": true,
			"header": 2,
			"entries": [
				"{@i Level 10+ Mage of Witherbloom Feature}",
				"Your connection to the flow of life force deepens. Once per turn when you deal necrotic damage or restore hit points using a spell, one target of the spell takes additional damage or regains additional hit points equal to your proficiency bonus."
			]
		},
		{
			"name": "Withering Vortex",
			"source": "UA2021MagesOfStrixhaven",
			"page": 9,
			"className": "Generic",
			"classSource": "Generic",
			"subclassShortName": "Witherbloom (UA)",
			"subclassSource": "UA2021MagesOfStrixhaven",
			"level": 14,
			"isGainAtNextFeatureLevel": true,
			"header": 2,
			"entries": [
				"{@i Level 14+ Mage of Witherbloom Feature}",
				"When you cast a spell using a spell slot that deals necrotic damage to any number of creatures that aren't Undead or Constructs, choose one of the creatures that took damage. You drain an amount of life energy equal to half the damage dealt to the chosen creature. One creature other than yourself that you can see within 30 feet of you regains a number of hit points equal to the life energy drained.",
				"You can use this feature a number of times equal to your proficiency bonus, and you regain all expended uses when you finish a long rest."
			]
		}
	]
}
